相思鸟(LOVEBIRD)  紫檀花梨色 专业考级演奏刻字 民族管弦乐器 XS1020,881.00
寻音 初学者入门演奏 考试级民族乐器 空谷幽兰（送架子+凳子）,1198.00
小便携式成人初学者入门琴整挖嵌筝专业演奏考级半筝正品 儿童款125  春意盎然,669.00
美德威MIDWAY  实木红木色 专业考级演奏刻字 民族管弦乐器 S-163高山流水,899.00
【出口海外】敦煌韵牌考级演奏琴民族管弦乐器敦煌 896B夏荷雅韵【入门考级演奏筝】,3150.00
初学者迷你小练习琴便携式成人初学者琴整挖嵌入门儿童小琴正品 十里桃花经典款,298.00
仙声 成人初学者演奏儿童刻字琴扬州乐器 红蝶恋花（送架子+琴弦或凳子）,958.00
敦煌牌696D/696m/694dq双鹤朝阳练习初学者入门演奏 696m原厂标配+B套餐,2249.00
相思鸟(LOVEBIRD)  实木紫檀色刻花 专业考级演奏 初学者练习带赠品包 蝴蝶 XS5105,1288.00
【顺丰配送】润扬  手工窗花系列初学者演奏民乐器 金瓶玉华升级版【送全套配件】 S21-163,898.00
敦煌   双鹤朝阳 考级演奏入门级上海民族乐器一厂 檀木 696D,2299.00
润扬  初学专业考级演奏刻字  红檀蝴蝶兰花 163CM,1160.00
敦煌 694DQ双鹤朝阳 红木演奏 694DQ出厂配置+套餐一,3530.00
寻音 初学者入门演奏 考试级民族乐器 菊韵生香（送架子+凳子）,1198.00
敦煌  双鹤朝阳 考级演奏上海民族乐器一厂 徐振高签名筝694DQ,3999.00
【出口海外】敦煌韵牌考级演奏琴民族管弦乐器敦煌 892B花容月貌【专业高级演奏筝】,5580.00
相思鸟(LOVEBIRD)  实木黄杨贝雕紫檀 专业考级演奏刻字 民族管弦乐器 XS1223,1656.00
小便携式成人初学者入门琴整挖嵌筝专业演奏考级半筝正品 儿童款125 高山幽呈,669.00
敦煌    蕉窗夜雨 考级演奏上海民族乐器一厂 徐振高签名筝694kk,5399.00
CHERUB wsm-330机械节拍器 钢琴节拍器 吉他小提琴通用节拍器 黑色,99.00
润扬  金丝老楠木专业演奏考级大师签名收藏乐器 款式1,2798.00
瑞扬（ruiyang） 瑞扬 手工窗花镂空挖嵌系列专业演奏考级 行云流水,1248.00
敦煌696D双鹤朝阳上海民族乐器一厂 696M-N渔舟唱晚标配（刻敦煌演奏筝）+套餐1,1999.00
悟神韵 初学者入门演奏 考试级民族乐器 暗香疏影（送架子+凳子）,898.00
星海（XINGHAI INSTRUMENT） 乐器黑胡桃木飞花点翠8811FH,1550.00
相思鸟（lovebird）  红花梨色琴初学者练习民族管弦乐器带赠品包 刻字梅花,838.00
仙声 便携式小半筝实木 85CM小,988.00
寻音 初学者入门演奏 考试级民族乐器 竹吻雨露（送架子+凳子）,1198.00
NIKKO 日本进口机芯正品尼康节拍器电子机械节拍器钢琴小提琴吉他通用节奏打节拍器 经典款-黑色,148.00
圣玛赫（SUMACH）专业升降大谱架 通用加粗可升降曲琴谱架吉他小提琴乐谱架二胡乐谱台,42.00
乐都城敦煌牌 敦煌696D 694DQ 689E双鹤朝阳非檀木普及初学者入门专业学习考级演奏 696M渔舟唱晚/花瓶图案（A架套餐）,2499.00
【顺丰配送】润扬  螺钿彩贝挖嵌工艺考级演奏乐器 国色天香 S21-163,1538.00
CHERUB 机械节拍器钢琴节拍器吉他小提琴通用节拍器 wsm-330 粉色,99.00
相约 琴坊 老桐木仿古加厚实木榫卯结构古琴桌卓凳椅子套装国学书法桌茶桌 深咖啡 桌凳一套（限时到手价1080元）,1350.00
WITTNER韦特纳德国原装进口机械节拍器钢琴吉他小提琴二胡乐器通用精准节奏器考级专用 红木色,348.00
仙声 成人初学者演奏儿童刻字琴扬州乐器 黑蝶恋花（送架子+琴弦或凳子）,958.00
相思鸟(LOVEBIRD) 乐谱架 加粗可升降折叠通用曲谱架吉他小提琴二胡谱台XS5004,57.00
哈罗德（HARRODSER）钢琴凳子单人双人可升降带书箱实木烤漆调高低加厚钢琴椅子凳电钢琴凳登子 单人升降琴凳【黑色】,599.00
寻音 初学者入门演奏 考试级民族乐器 墨香垂弦（送架子+凳子）,1198.00
敦煌 694DQ双鹤朝阳 红木演奏 694DQ出厂配置+套餐二,3630.00
CHERUB机械节拍器钢琴节拍器吉他小提琴通用节拍器 wsm-330透明蓝色,108.00
CHERUB 机械节拍器 钢琴节拍器 吉他小提琴通用节拍器wsm-330 透明粉色,109.00
NIKKO 日本进口机芯正品尼康机械节拍器钢琴电子琴吉他笛子乐器初学者通用节拍器 经典款―黑色,148.00
NIKKO 日本进口机芯正品尼康节拍器电子机械节拍器钢琴小提琴吉他通用节奏打节拍器 经典款-海蓝色,148.00
NIKKO 日本原装进口日工精机正品尼康机械节拍器钢琴吉他小提琴架子鼓乐器通用节奏器 标准版 黑色,318.00
相思鸟(LOVEBIRD) 琴凳 X型可折叠升降钢琴凳 电子琴吉他二胡单人凳子 乐器配件 XS5028,89.00
湘韵 【顺丰配送】初学者 梧桐木专业考级演奏乐器 黑色,980.00
CHERUB机械节拍器钢琴节拍器吉他小提琴通用节拍器 wsm-330白色,99.00
CHERUB机械节拍器钢琴节拍器吉他小提琴通用节拍器 wsm-330红色,99.00
8698J佛缘高山仰止 敦煌佛缘,26064.00
钢琴凳 木质双人钢琴凳子 凳带书箱 XS1100,198.00
WITTNER韦特纳德国原装进口机械节拍器钢琴吉他小提琴二胡乐器通用精准节奏器考级专用 柚木色,348.00
敦煌架 便携式A人 八字架架提手式【敦煌专卖店】 普通便携式架,212.00
相思鸟 (LOVEBIRD)胶布 成年人儿童透气琵琶胶带 指甲胶布 肤色 XS1037 30卷,59.00
寻音整挖桐木 收藏级专业民族乐器 全实木10级演奏收藏 挖筝,8898.00
NIKKO 日本进口机芯正品尼康节拍器电子机械节拍器钢琴小提琴吉他通用节奏打节拍器 经典款-淡粉色,148.00
润扬  初学专业考级演奏刻字  紫檀清风竹影小（125CM),1250.00
相思鸟(LOVEBIRD) 钢琴凳 木质双人钢琴凳子 凳带书箱 XS3319,199.00
相思鸟(LOVEBIRD)琴弦 通用型1-21号套弦 A型整套弦 XS5007,79.00
cherub通用电子节拍器调音器钢琴吉他架子鼓充电节拍器 WMT-248黑色,99.00
